{
    "directory":
    [],
    "sql_file": "",
    "files": [

        {
            "root_directory" : "update/update_2.13/application/views/frontend/home2.php",
            "update_directory" : "application/views/frontend/home2.php"
        },
        {
            "root_directory" : "update/update_2.13/application/controllers/Home.php",
            "update_directory" : "application/controllers/Home.php"
        },
        {
            "root_directory" : "update/update_2.13/application/helpers/listing_helper.php",
            "update_directory" : "application/helpers/listing_helper.php"
        },
        {
            "root_directory" : "update/update_2.13/application/models/Crud_model.php",
            "update_directory" : "application/models/Crud_model.php"
        },
        {
            "root_directory" : "update/update_2.13/application/models/Frontend_model.php",
            "update_directory" : "application/models/Frontend_model.php"
        },
        {
            "root_directory" : "update/update_2.13/application/views/backend/admin/frontend_settings.php",
            "update_directory" : "application/views/backend/admin/frontend_settings.php"
        },
        {
            "root_directory" : "update/update_2.13/application/views/frontend/header.php",
            "update_directory" : "application/views/frontend/header.php"
        },
        {
            "root_directory" : "update/update_2.13/application/views/backend/admin/add_listing_schedule.php",
            "update_directory" : "application/views/backend/admin/add_listing_schedule.php"
        },
        {
            "root_directory" : "update/update_2.13/application/views/backend/admin/edit_listing_schedule.php",
            "update_directory" : "application/views/backend/admin/edit_listing_schedule.php"
        },
        {
            "root_directory" : "update/update_2.13/application/views/backend/user/add_listing_schedule.php",
            "update_directory" : "application/views/backend/user/add_listing_schedule.php"
        },
        {
            "root_directory" : "update/update_2.13/application/views/backend/user/edit_listing_schedule.php",
            "update_directory" : "application/views/backend/user/edit_listing_schedule.php"
        },
        {
            "root_directory" : "update/update_2.13/application/views/backend/user/listing_add_wiz.php",
            "update_directory" : "application/views/backend/user/listing_add_wiz.php"
        },
        {
            "root_directory" : "update/update_2.13/application/views/frontend/opening_and_closing_time_schedule.php",
            "update_directory" : "application/views/frontend/opening_and_closing_time_schedule.php"
        },
        {
            "root_directory" : "update/update_2.13/assets/backend/css/neon-core.css",
            "update_directory" : "assets/backend/css/neon-core.css"
        }
    ]
  }
