{
    "directory":
    [],
    "sql_file": "",
    "files": [
        {
            "root_directory" : "update/update_2.14/application/controllers/Home.php",
            "update_directory" : "application/controllers/Home.php"
        },
        {
            "root_directory" : "update/update_2.14/application/controllers/Admin.php",
            "update_directory" : "application/controllers/Admin.php"
        },
        {
            "root_directory" : "update/update_2.14/application/helpers/common_helper.php",
            "update_directory" : "application/helpers/common_helper.php"
        },
        {
            "root_directory" : "update/update_2.14/application/models/Crud_model.php",
            "update_directory" : "application/models/Crud_model.php"
        },
        {
            "root_directory" : "update/update_2.14/application/models/Frontend_model.php",
            "update_directory" : "application/models/Frontend_model.php"
        }
    ]
  }
